{
  "trades": 532,
  "tp": 158,
  "sl": 374,
  "cancels": 0,
  "pnl_netto": 63.961825485972,
  "pnl_tp": 153.55815674300266,
  "pnl_sl": -189.59633125703078,
  "current_timestamp": 1772322900000000,
  "last_outcome_decomposition": {
    "perception_quality": 0.5353490155124586,
    "felt_quality": 0.7480973145414532,
    "thought_quality": 0.8194324970312648,
    "plan_quality": 0.33999999999999997,
    "execution_quality": 0.38,
    "risk_fit_quality": 0.14,
    "reason": "sl_hit"
  }
}