{
  "timestamp": 1772322900000000,
  "outer_visual_perception_state": {
    "focus_direction": 0.1783296226364387,
    "focus_strength": 0.23838249047600485,
    "focus_confidence": 0.11726243192371305,
    "target_lock": 0.20791537039985142,
    "noise_damp": 0.043272474470156905,
    "signal_relevance": 0.4497928019307132,
    "visual_target_map": 0.23277973140384553,
    "visual_threat_map": 0.11936838937094628,
    "visual_optic_flow": 0.4680232034213475,
    "visual_contrast": 0.2949219532780739,
    "spatial_bias": -0.32808078776329036,
    "directional_bias": -0.04286547433903563,
    "range_position": -0.5028901734104143,
    "range_width": 0.34182967792926383,
    "short_impulse": 0.0,
    "mid_impulse": -0.10206065318818007,
    "compression": 0.3707865168539355,
    "expansion": 0.0,
    "body_pressure": 0.2857142857142277,
    "wick_pressure": 0.7142857142857723,
    "volume_bias": -0.42747341853108123,
    "market_balance": 0.9163584579149378,
    "breakout_tension": 0.14723291479089257,
    "visual_coherence": 0.7564253306364147
  },
  "inner_field_perception_state": {
    "field_mean_energy": 0.24730203672113102,
    "field_mean_motivation": 0.020581410645126592,
    "field_mean_risk": -1.5882890729693262,
    "field_mean_velocity": 0.18159589962892814,
    "field_cluster_count": 1,
    "field_regulation_pressure": 1.782639915403946,
    "self_state": "stressed",
    "attractor": "defense",
    "prior_experience_regulation": 0.1943640606097521
  },
  "temporal_perception_state": {
    "flow_direction": -0.09463865100006504,
    "flow_strength": 0.9442916419619354,
    "flow_stability": 0.47674673091624353,
    "acceleration": 0.1600000000000108,
    "swing_pressure": 0.276609372545053,
    "sequence_bias": "neutral",
    "flow_memory": -0.16039318110007872,
    "transition_pressure": 0.33188800651245864,
    "continuation_readiness": 0.8347670638857512,
    "temporal_exhaustion": 0.16047846871005533,
    "temporal_coherence": 0.6236529442933585,
    "state_drift": 0.04027157792296292
  },
  "perception_state": {
    "focus_direction": 0.1783296226364387,
    "focus_strength": 0.23838249047600485,
    "focus_confidence": 0.11726243192371305,
    "target_lock": 0.20791537039985142,
    "noise_damp": 0.043272474470156905,
    "signal_relevance": 0.13003753378415991,
    "uncertainty_score": 0.12621789889420992,
    "novelty_score": 0.15588294960970778,
    "signal_quality": 0.3444332270728685,
    "observe_priority": 0.13408831935603277,
    "spatial_bias": -0.32808078776329036,
    "directional_bias": -0.04286547433903563,
    "range_position": -0.5028901734104143,
    "short_impulse": 0.0,
    "mid_impulse": -0.10206065318818007,
    "market_balance": 0.9163584579149378,
    "breakout_tension": 0.14723291479089257,
    "visual_coherence": 0.7564253306364147,
    "structure_seen": 1.0,
    "structure_high": 85.65,
    "structure_low": 81.97,
    "structure_range": 3.680000000000007,
    "swing_high_strength": 0.75,
    "swing_low_strength": 0.5,
    "zone_proximity": 0.11684782608695055,
    "structure_stability": 0.6241879075281557,
    "structure_quality": 0.45198463312800985,
    "stress_relief_potential": 0.3766644184428204,
    "context_confidence": 0.41125124996778145
  },
  "processing_state": {
    "processing_load": 0.3917964238283661,
    "processing_stability": 0.6254018426463813,
    "processing_readiness": 0.6311001248567125,
    "processing_alignment": 0.6779708267626836,
    "processing_tension": 0.29726706153494137
  },
  "felt_state": {
    "market_feel_state": "balanced",
    "felt_risk": 0.09616185819546755,
    "felt_opportunity": 0.47095653993940545,
    "felt_conflict": 0.11843814886543567,
    "felt_pressure": 0.20287772936964113,
    "felt_stability": 1.0,
    "felt_alignment": 0.7070415702568102,
    "structure_quality": 0.45198463312800985,
    "stress_relief_potential": 0.3766644184428204,
    "context_confidence": 0.41125124996778145,
    "market_balance": 0.9163584579149378,
    "breakout_tension": 0.14723291479089257,
    "visual_coherence": 0.7564253306364147,
    "entry_expectation": 0.3286666601595734,
    "target_expectation": 0.04907690277180072,
    "approach_pressure": 0.44294458623527816,
    "pressure_release": 0.5785820733967456,
    "experience_regulation": 0.19385315726010446,
    "reflection_maturity": 0.23985712472532492,
    "load_bearing_capacity": 0.19954957971022608,
    "protective_width_regulation": 0.9498155961550117,
    "protective_courage": 0.4758457645454206,
    "external_pressure": 0.18832411642772368,
    "inner_conflict_pressure": 0.14908473414377288,
    "repetition_pressure": 0.3609837168228541,
    "expectation_pressure": 0.3489756954296289,
    "uncertainty_pressure": 0.289165954778126,
    "aftereffect_pressure": 0.6439150676071104,
    "dominant_tension_cause": "aftereffect_pressure",
    "dominant_tension_value": 0.6439150676071104,
    "pre_action_observation_need": 0.337364644703219,
    "felt_carry": 0.0,
    "felt_residue": 0.11005341189099374,
    "felt_settlement": 0.28462299498975446,
    "felt_drift": 0.03069834344900397
  },
  "thought_state": {
    "long_hypothesis": -0.4919780800378357,
    "short_hypothesis": -0.9383323927322339,
    "wait_hypothesis": 1.4919780800378357,
    "decision": "WAIT",
    "decision_conflict": 0.7208319042583711,
    "state_maturity": 0.5440862481060844,
    "rumination_depth": 0.3588633565416329,
    "inner_time_scale": 1.0,
    "decision_readiness": 0.4769302982076207,
    "thought_alignment": 0.6719042316844897,
    "decision_pressure": 0.025813615250287265,
    "uncertainty": 0.12621789889420992,
    "conflict": 0.7208319042583711,
    "maturity": 0.5440862481060844,
    "readiness": 0.4769302982076207,
    "dominant_tension_cause": "aftereffect_pressure",
    "thought_inertia": 0.055973623639445615,
    "thought_settlement": 0.15356012303332417,
    "thought_drift": 0.05175968065002075
  },
  "meta_regulation_state": {
    "allow_observe": false,
    "allow_ruminate": false,
    "allow_plan": false,
    "allow_block": true,
    "pre_action_phase": "hold",
    "rejection_reason": "context_cluster_negative",
    "decision": "WAIT",
    "uncertainty_score": 0.12621789889420992,
    "observe_priority": 0.13408831935603277,
    "felt_conflict": 0.13843814886543568,
    "felt_pressure": 0.23287772936964113,
    "decision_conflict": 0.7208319042583711,
    "state_maturity": 0.5440862481060844,
    "rumination_depth": 0.38886335654163295,
    "decision_readiness": 0.4769302982076207,
    "signal_quality": 0.3444332270728685,
    "decision_strength": -0.4919780800378357,
    "processing_load": 0.3917964238283661,
    "processing_alignment": 0.6779708267626836,
    "processing_tension": 0.29726706153494137,
    "market_balance": 0.9163584579149378,
    "breakout_tension": 0.14723291479089257,
    "visual_coherence": 0.7564253306364147,
    "external_pressure": 0.18832411642772368,
    "inner_conflict_pressure": 0.14908473414377288,
    "repetition_pressure": 0.3609837168228541,
    "expectation_pressure": 0.3489756954296289,
    "uncertainty_pressure": 0.289165954778126,
    "aftereffect_pressure": 0.6439150676071104,
    "dominant_tension_cause": "aftereffect_pressure",
    "dominant_tension_value": 0.6439150676071104,
    "observation_need": 0.337364644703219,
    "regulated_courage": 0.4352333152849221,
    "courage_gap": 0.0,
    "action_inhibition": 0.329639704125972,
    "action_clearance": 0.49704568008363414,
    "readiness": 0.4769302982076207,
    "maturity": 0.5440862481060844,
    "uncertainty": 0.12621789889420992,
    "conflict": 0.7208319042583711,
    "review_feedback_state": {
      "review_label": "deepen_reflection",
      "review_score": 0.41652392829358975,
      "uncertainty_recognition_quality": 0.5050248026151276,