{
  "trades": 414,
  "tp": 114,
  "sl": 300,
  "cancels": 0,
  "pnl_netto": 58.534097558796546,
  "pnl_tp": 118.71424193506785,
  "pnl_sl": -160.18014437627141,
  "current_timestamp": 1772322900000000,
  "last_outcome_decomposition": {
    "perception_quality": 0.5876280872041485,
    "felt_quality": 0.6849627108068361,
    "thought_quality": 0.7204103705932242,
    "plan_quality": 0.6799999999999999,
    "execution_quality": 0.6799999999999999,
    "risk_fit_quality": 0.44,
    "reason": "tp_hit"
  }
}