{
  "trades": 1715,
  "tp": 713,
  "sl": 1002,
  "cancels": 0,
  "pnl_netto": 577.5120141318315,
  "pnl_tp": 2239.229493135071,
  "pnl_sl": -1761.7174790032416,
  "current_timestamp": 1735689300000
}