{
  "timestamp": 1772322900000000,
  "outer_visual_perception_state": {
    "focus_direction": 0.1783296226364387,
    "focus_strength": 0.23838249047600485,
    "focus_confidence": 0.11726243192371305,
    "target_lock": 0.20791537039985142,
    "noise_damp": 0.043272474470156905,
    "signal_relevance": 0.4497928019307132,
    "visual_target_map": 0.23277973140384553,
    "visual_threat_map": 0.11936838937094628,
    "visual_optic_flow": 0.4680232034213475,
    "visual_contrast": 0.2949219532780739,
    "spatial_bias": -0.32808078776329036,
    "directional_bias": -0.04286547433903563,
    "range_position": -0.5028901734104143,
    "range_width": 0.34182967792926383,
    "short_impulse": 0.0,
    "mid_impulse": -0.10206065318818007,
    "compression": 0.3707865168539355,
    "expansion": 0.0,
    "body_pressure": 0.2857142857142277,
    "wick_pressure": 0.7142857142857723,
    "volume_bias": -0.42747341853108123,
    "market_balance": 0.9163584579149378,
    "breakout_tension": 0.14723291479089257,
    "visual_coherence": 0.7564253306364147
  },
  "inner_field_perception_state": {
    "field_mean_energy": 0.3025752550653841,
    "field_mean_motivation": 0.0769807605279604,
    "field_mean_risk": -1.5637037909512483,
    "field_mean_velocity": 0.19008534363437862,
    "field_cluster_count": 1,
    "field_regulation_pressure": 1.8092374384812948,
    "self_state": "stressed",
    "attractor": "defense",
    "prior_experience_regulation": 0.33889666214246517
  },
  "temporal_perception_state": {
    "flow_direction": -0.09463865100006504,
    "flow_strength": 0.9442916419619354,
    "flow_stability": 0.47674673091624353,
    "acceleration": 0.1600000000000108,
    "swing_pressure": 0.276609372545053,
    "sequence_bias": "neutral",
    "flow_memory": -0.16039318110007872,
    "transition_pressure": 0.3462518662583709,
    "continuation_readiness": 0.8545085174115556,
    "temporal_exhaustion": 0.15954255587610205,
    "temporal_coherence": 0.6202982039992969,
    "state_drift": 0.04027157792296292
  },
  "perception_state": {
    "focus_direction": 0.1783296226364387,
    "focus_strength": 0.23838249047600485,
    "focus_confidence": 0.11726243192371305,
    "target_lock": 0.20791537039985142,
    "noise_damp": 0.043272474470156905,
    "signal_relevance": 0.13003753378415991,
    "uncertainty_score": 0.12621789889420992,
    "novelty_score": 0.15588294960970778,
    "signal_quality": 0.3444332270728685,
    "observe_priority": 0.13408831935603277,
    "spatial_bias": -0.32808078776329036,
    "directional_bias": -0.04286547433903563,
    "range_position": -0.5028901734104143,
    "short_impulse": 0.0,
    "mid_impulse": -0.10206065318818007,
    "market_balance": 0.9163584579149378,
    "breakout_tension": 0.14723291479089257,
    "visual_coherence": 0.7564253306364147,
    "structure_seen": 1.0,
    "structure_high": 85.65,
    "structure_low": 81.97,
    "structure_range": 3.680000000000007,
    "swing_high_strength": 0.75,
    "swing_low_strength": 0.5,
    "zone_proximity": 0.11684782608695055,
    "structure_stability": 0.6241879075281557,
    "structure_quality": 0.45198463312800985,
    "stress_relief_potential": 0.3766644184428204,
    "context_confidence": 0.41125124996778145
  },
  "processing_state": {
    "processing_load": 0.39359349931893417,
    "processing_stability": 0.6249550042586819,
    "processing_readiness": 0.6303645877577497,
    "processing_alignment": 0.6779708267626836,
    "processing_tension": 0.30099071476577016
  },
  "felt_state": {
    "market_feel_state": "balanced",
    "felt_risk": 0.09645975045393385,
    "felt_opportunity": 0.47073312074555573,
    "felt_conflict": 0.11852155869780624,
    "felt_pressure": 0.19886119677494293,
    "felt_stability": 1.0,
    "felt_alignment": 0.707033229273573,
    "structure_quality": 0.45198463312800985,
    "stress_relief_potential": 0.3766644184428204,
    "context_confidence": 0.41125124996778145,
    "market_balance": 0.9163584579149378,
    "breakout_tension": 0.14723291479089257,
    "visual_coherence": 0.7564253306364147,
    "entry_expectation": 0.3286666601595734,
    "target_expectation": 0.04907690277180072,
    "approach_pressure": 0.4275762368292163,
    "pressure_release": 0.5665231837658556,
    "experience_regulation": 0.33834118680653785,
    "reflection_maturity": 0.45136644046975183,
    "load_bearing_capacity": 0.3841854034872154,
    "protective_width_regulation": 1.0,
    "protective_courage": 0.6599404766445559,
    "external_pressure": 0.18877095481542316,
    "inner_conflict_pressure": 0.14915634744270817,
    "repetition_pressure": 0.3227522161613538,
    "expectation_pressure": 0.3243374052867547,
    "uncertainty_pressure": 0.2898258521796998,
    "aftereffect_pressure": 0.5298964187011563,
    "dominant_tension_cause": "aftereffect_pressure",
    "dominant_tension_value": 0.5298964187011563,
    "pre_action_observation_need": 0.3191072555316821,
    "felt_carry": 0.0,
    "felt_residue": 0.06995713516896038,
    "felt_settlement": 0.28501680772498145,
    "felt_drift": 0.012773739245806687
  },
  "thought_state": {
    "long_hypothesis": -0.4940004025056385,
    "short_hypothesis": -0.9679840484488307,
    "wait_hypothesis": 1.4940004025056384,
    "decision": "WAIT",
    "decision_conflict": 0.6982693120419021,
    "state_maturity": 0.6172919423470753,
    "rumination_depth": 0.35141437782032614,
    "inner_time_scale": 1.0,
    "decision_readiness": 0.5014775153275797,
    "thought_alignment": 0.6750609927588185,
    "decision_pressure": 0.027414786648713958,
    "uncertainty": 0.12621789889420992,
    "conflict": 0.6982693120419021,
    "maturity": 0.6172919423470753,
    "readiness": 0.5014775153275797,
    "dominant_tension_cause": "aftereffect_pressure",
    "thought_inertia": 0.04849819031614031,
    "thought_settlement": 0.1680300619843713,
    "thought_drift": 0.05145735011576715
  },
  "meta_regulation_state": {
    "allow_observe": false,
    "allow_ruminate": false,
    "allow_plan": false,
    "allow_block": true,
    "pre_action_phase": "hold",
    "rejection_reason": "context_cluster_negative",
    "decision": "WAIT",
    "uncertainty_score": 0.12621789889420992,
    "observe_priority": 0.13408831935603277,
    "felt_conflict": 0.13852155869780625,
    "felt_pressure": 0.22886119677494293,
    "decision_conflict": 0.6982693120419021,
    "state_maturity": 0.6172919423470752,
    "rumination_depth": 0.3814143778203261,
    "decision_readiness": 0.5014775153275797,
    "signal_quality": 0.3444332270728685,
    "decision_strength": -0.4940004025056385,
    "processing_load": 0.39359349931893417,
    "processing_alignment": 0.6779708267626836,
    "processing_tension": 0.30099071476577016,
    "market_balance": 0.9163584579149378,
    "breakout_tension": 0.14723291479089257,
    "visual_coherence": 0.7564253306364147,
    "external_pressure": 0.18877095481542316,
    "inner_conflict_pressure": 0.14915634744270817,
    "repetition_pressure": 0.3227522161613538,
    "expectation_pressure": 0.3243374052867547,
    "uncertainty_pressure": 0.2898258521796998,
    "aftereffect_pressure": 0.5298964187011563,
    "dominant_tension_cause": "aftereffect_pressure",
    "dominant_tension_value": 0.5298964187011563,
    "observation_need": 0.3191072555316821,
    "regulated_courage": 0.5617341230779356,
    "courage_gap": 0.0,
    "action_inhibition": 0.2997892247996951,
    "action_clearance": 0.5591724128260376,
    "readiness": 0.5014775153275797,
    "maturity": 0.6172919423470752,
    "uncertainty": 0.12621789889420992,
    "conflict": 0.6982693120419021,
    "review_feedback_state": {
      "review_label": "deepen_reflection",
      "review_score": 0.4365551986506197,
      "uncertainty_recognition_quality": 0.5180547442013842,