{
  "trades": 1562,
  "tp": 764,
  "sl": 798,
  "cancels": 0,
  "pnl_netto": 310.283054931446,
  "pnl_tp": 531.0803682018468,
  "pnl_sl": -320.79731327040076,
  "current_timestamp": 1704066900000
}