{
  "timestamp": 1772322900000000,
  "outer_visual_perception_state": {
    "focus_direction": 0.1783296226364387,
    "focus_strength": 0.23838249047600485,
    "focus_confidence": 0.11726243192371305,
    "target_lock": 0.20791537039985142,
    "noise_damp": 0.043272474470156905,
    "signal_relevance": 0.4497928019307132,
    "visual_target_map": 0.23277973140384553,
    "visual_threat_map": 0.11936838937094628,
    "visual_optic_flow": 0.4680232034213475,
    "visual_contrast": 0.2949219532780739,
    "spatial_bias": -0.32808078776329036,
    "directional_bias": -0.04286547433903563,
    "range_position": -0.5028901734104143,
    "range_width": 0.34182967792926383,
    "short_impulse": 0.0,
    "mid_impulse": -0.10206065318818007,
    "compression": 0.3707865168539355,
    "expansion": 0.0,
    "body_pressure": 0.2857142857142277,
    "wick_pressure": 0.7142857142857723,
    "volume_bias": -0.42747341853108123,
    "market_balance": 0.9163584579149378,
    "breakout_tension": 0.14723291479089257,
    "visual_coherence": 0.7564253306364147
  },
  "inner_field_perception_state": {
    "field_mean_energy": 0.31380857824999187,
    "field_mean_motivation": 0.07184207761017772,
    "field_mean_risk": -1.6220973391462827,
    "field_mean_velocity": 0.1896545366837696,
    "field_cluster_count": 1,
    "field_regulation_pressure": 1.8741088515407809,
    "self_state": "stressed",
    "attractor": "cooperate",
    "prior_experience_regulation": 0.06445751831045414
  },
  "temporal_perception_state": {
    "flow_direction": -0.09463865100006504,
    "flow_strength": 0.9442916419619354,
    "flow_stability": 0.47674673091624353,
    "acceleration": 0.1600000000000108,
    "swing_pressure": 0.276609372545053,
    "sequence_bias": "neutral",
    "flow_memory": -0.16039318110007872,
    "transition_pressure": 0.34619387603127144,
    "continuation_readiness": 0.8545566067591198,
    "temporal_exhaustion": 0.15954255587610205,
    "temporal_coherence": 0.620334679197996,
    "state_drift": 0.04027157792296292
  },
  "perception_state": {
    "focus_direction": 0.1783296226364387,
    "focus_strength": 0.23838249047600485,
    "focus_confidence": 0.11726243192371305,
    "target_lock": 0.20791537039985142,
    "noise_damp": 0.043272474470156905,
    "signal_relevance": 0.13003753378415991,
    "uncertainty_score": 0.12621789889420992,
    "novelty_score": 0.15588294960970778,
    "signal_quality": 0.3444332270728685,
    "observe_priority": 0.13408831935603277,
    "spatial_bias": -0.32808078776329036,
    "directional_bias": -0.04286547433903563,
    "range_position": -0.5028901734104143,
    "short_impulse": 0.0,
    "mid_impulse": -0.10206065318818007,
    "market_balance": 0.9163584579149378,
    "breakout_tension": 0.14723291479089257,
    "visual_coherence": 0.7564253306364147,
    "structure_seen": 1.0,
    "structure_high": 85.65,
    "structure_low": 81.97,
    "structure_range": 3.680000000000007,
    "swing_high_strength": 0.75,
    "swing_low_strength": 0.5,
    "zone_proximity": 0.11684782608695055,
    "structure_stability": 0.6241879075281557,
    "structure_quality": 0.45198463312800985,
    "stress_relief_potential": 0.3766644184428204,
    "context_confidence": 0.41125124996778145
  },
  "processing_state": {
    "processing_load": 0.40981228022795535,
    "processing_stability": 0.6238651645192825,
    "processing_readiness": 0.6252566124387362,
    "processing_alignment": 0.6779708267626836,
    "processing_tension": 0.3100727125940982
  },
  "felt_state": {
    "market_feel_state": "balanced",
    "felt_risk": 0.09718631028020008,
    "felt_opportunity": 0.47018820087585605,
    "felt_conflict": 0.11872499544916078,
    "felt_pressure": 0.21050007062789852,
    "felt_stability": 1.0,
    "felt_alignment": 0.7070128855984377,
    "structure_quality": 0.45198463312800985,
    "stress_relief_potential": 0.3766644184428204,
    "context_confidence": 0.41125124996778145,
    "market_balance": 0.9163584579149378,
    "breakout_tension": 0.14723291479089257,
    "visual_coherence": 0.7564253306364147,
    "entry_expectation": 0.32866290139526116,
    "target_expectation": 0.04907433755980878,
    "approach_pressure": 0.4568107042166576,
    "pressure_release": 0.5894874522791215,
    "experience_regulation": 0.0644321977123197,
    "reflection_maturity": 0.09415690985499507,
    "load_bearing_capacity": 0.05262322887393633,
    "protective_width_regulation": 0.8306732165899362,
    "protective_courage": 0.33645055288191117,
    "external_pressure": 0.18986079455482252,
    "inner_conflict_pressure": 0.1493310124249426,
    "repetition_pressure": 0.39175608688081054,
    "expectation_pressure": 0.37446323906590046,
    "uncertainty_pressure": 0.293329056907976,
    "aftereffect_pressure": 0.7335379704824796,
    "dominant_tension_cause": "aftereffect_pressure",
    "dominant_tension_value": 0.7335379704824796,
    "pre_action_observation_need": 0.3551617634575997,
    "felt_carry": 0.0,
    "felt_residue": 0.11039342647303046,
    "felt_settlement": 0.28383379728505853,
    "felt_drift": 0.03270554541660226
  },
  "thought_state": {
    "long_hypothesis": -0.2964569388705412,
    "short_hypothesis": -1.1039808531192226,
    "wait_hypothesis": 1.2964569388705411,
    "decision": "WAIT",
    "decision_conflict": 0.4214455468086377,
    "state_maturity": 0.5390393946578345,
    "rumination_depth": 0.2616370141364076,
    "inner_time_scale": 1.0,
    "decision_readiness": 0.5290785589479036,
    "thought_alignment": 0.7138114374094429,
    "decision_pressure": 0.05904278992157222,
    "uncertainty": 0.12621789889420992,
    "conflict": 0.4214455468086377,
    "maturity": 0.5390393946578345,
    "readiness": 0.5290785589479036,
    "dominant_tension_cause": "aftereffect_pressure",
    "thought_inertia": 0.04152939169547532,
    "thought_settlement": 0.18924226853788892,
    "thought_drift": 0.04761485553092146
  },
  "meta_regulation_state": {
    "allow_observe": false,
    "allow_ruminate": false,
    "allow_plan": false,
    "allow_block": true,
    "pre_action_phase": "hold",
    "rejection_reason": "context_cluster_negative",
    "decision": "WAIT",
    "uncertainty_score": 0.12621789889420992,
    "observe_priority": 0.13408831935603277,
    "felt_conflict": 0.13872499544916078,
    "felt_pressure": 0.24050007062789852,
    "decision_conflict": 0.42144554680863777,
    "state_maturity": 0.5390393946578345,
    "rumination_depth": 0.2916370141364076,
    "decision_readiness": 0.5290785589479036,
    "signal_quality": 0.3444332270728685,
    "decision_strength": -0.2964569388705412,
    "processing_load": 0.40981228022795535,
    "processing_alignment": 0.6779708267626836,
    "processing_tension": 0.3100727125940982,
    "market_balance": 0.9163584579149378,
    "breakout_tension": 0.14723291479089257,
    "visual_coherence": 0.7564253306364147,
    "external_pressure": 0.18986079455482252,
    "inner_conflict_pressure": 0.1493310124249426,
    "repetition_pressure": 0.39175608688081054,
    "expectation_pressure": 0.37446323906590046,
    "uncertainty_pressure": 0.293329056907976,
    "aftereffect_pressure": 0.7335379704824796,
    "dominant_tension_cause": "aftereffect_pressure",
    "dominant_tension_value": 0.7335379704824796,
    "observation_need": 0.3551617634575997,
    "regulated_courage": 0.35081134347389653,
    "courage_gap": 0.023651895592003924,
    "action_inhibition": 0.32317352671349764,
    "action_clearance": 0.4775680177906638,
    "readiness": 0.5290785589479036,
    "maturity": 0.5390393946578345,
    "uncertainty": 0.12621789889420992,
    "conflict": 0.42144554680863777,
    "review_feedback_state": {
      "review_label": "deepen_reflection",
      "review_score": 0.3679993065670311,